Ryzen55600X,RadeonRX6500XT,Samsung870QVO,Ryzen73700X,GTX1660Ti,CorsairCX550M,i5-10400F,Samsung980,ThermaltakeSmart500,Samsung980PRO,Samsung870EVO
Ryzen55600X,RadeonRX6500XT,Samsung870QVO
Ryzen55600X,RadeonRX6600XT,Samsung980
Ryzen55600X,RadeonRX6500XT,
Ryzen55600X,GTX1660Ti,Samsung870EVO
Ryzen55600X,GTX1660Ti,Samsung870EVO
Ryzen73700X,RadeonRX6500XT,SamsungPM893
Ryzen73700X,GTX1660Ti,CorsairCX550M
Ryzen73700X,RadeonRX6900XT,Samsung980,CorsairCX550M
Ryzen95950X,RadeonRX6600XT,Samsung870QVO,CorsairCV650
Ryzen95950X,RadeonRX6900XT,SamsungPM893,CorsairRM550x
Ryzen95950X,RTX3060Ti,Samsung870QVO,CorsairCX550M
i5-10400F,GTX1660Ti,SamsungPM893,CorsairCV650
i5-10400F,RadeonRX6500XT,Samsung980PRO
i5-10400F,RadeonRX6500XT,Samsung870EVO
i5-10400F,GTX1660Ti,Samsung980, ThermaltakeSmart500
i5-10400F,RadeonRX6600XT,Samsung870EVO, ThermaltakeSmart500
i5-12600K,RTX3060Ti,ThermaltakeSmart500
i5-12600K,RadeonRX6500XT,CorsairRM550x
i5-12600K,RTX3060Ti,Samsung980PRO
i5-12600K,RadeonRX6600XT,Samsung980PRO,CorsairRM550x
Ryzen73700X,CorsairCX550M,Samsung980
Ryzen73700X,CorsairCX550M,Samsung980,GTX1660Ti
Ryzen73700X,CorsairCX550M
ThermaltakeSmart500,RadeonRX6900XT,i5-12600K
Ryzen55600X,Samsung980PRO,RadeonRX6600XT
RadeonRX6500XT,Ryzen95950X,Samsung870QVO

